{
  "schema": "first-floor-plan",
  "version": 1,
  "exported": "2026-07-13T18:19:51.998Z",
  "plot": {
    "pw": 100,
    "pd": 150,
    "offF": 30.25,
    "offR": 10.16
  },
  "walls": {
    "ext": 7,
    "int": 4.75
  },
  "footprint": [
    [
      0.25,
      60
    ],
    [
      20.8,
      60
    ],
    [
      20.8,
      38
    ],
    [
      41.8,
      38
    ],
    [
      41.8,
      39.41
    ],
    [
      53.5,
      39.41
    ],
    [
      53.5,
      57
    ],
    [
      74.75000000000001,
      57
    ],
    [
      74.75000000000001,
      57
    ],
    [
      74.75000000000001,
      6.41
    ],
    [
      62,
      6.41
    ],
    [
      62,
      8.41
    ],
    [
      53.4,
      8.41
    ],
    [
      53.4,
      8.41
    ],
    [
      42.08333333333332,
      8.41
    ],
    [
      42.08333333333332,
      0
    ],
    [
      0.16666666666666669,
      0
    ],
    [
      0.16666666666666669,
      19.666666666666664
    ],
    [
      5,
      19.666666666666664
    ],
    [
      5,
      28.999999999999986
    ],
    [
      0.25,
      28.999999999999986
    ]
  ],
  "iwalls": [
    [
      [
        20.833333333333336,
        22
      ],
      [
        20.833333333333336,
        38
      ]
    ],
    [
      [
        41.916666666666664,
        22
      ],
      [
        41.916666666666664,
        30
      ],
      [
        41.916666666666664,
        38
      ]
    ],
    [
      [
        53.5,
        8.5
      ],
      [
        53.5,
        39.11833333333333
      ]
    ],
    [
      [
        26,
        0
      ],
      [
        26,
        18.5
      ]
    ],
    [
      [
        11.583333333333327,
        0
      ],
      [
        11.583333333333327,
        19.583333333333332
      ]
    ],
    [
      [
        18,
        12.5
      ],
      [
        18,
        19.583333333333332
      ]
    ],
    [
      [
        21,
        0
      ],
      [
        21,
        18.5
      ]
    ],
    [
      [
        66,
        25.5
      ],
      [
        66,
        39.416666666666664
      ]
    ],
    [
      [
        16.5,
        19.583333333333332
      ],
      [
        16.5,
        34.5
      ]
    ],
    [
      [
        12.750000000000027,
        25.083333333333332
      ],
      [
        12.750000000000027,
        29
      ]
    ],
    [
      [
        0.25,
        34.5
      ],
      [
        20.833333333333336,
        34.5
      ]
    ],
    [
      [
        0.25,
        51.5
      ],
      [
        20.8,
        51.5
      ]
    ],
    [
      [
        20.833333333333336,
        22
      ],
      [
        41.916666666666664,
        22
      ]
    ],
    [
      [
        53.5,
        25.5
      ],
      [
        74.75000000000001,
        25.5
      ]
    ],
    [
      [
        21,
        18.5
      ],
      [
        53.5,
        18.5
      ]
    ],
    [
      [
        11.583333333333327,
        12.5
      ],
      [
        21,
        12.5
      ]
    ],
    [
      [
        5,
        19.583333333333332
      ],
      [
        18,
        19.583333333333332
      ]
    ],
    [
      [
        21,
        8.5
      ],
      [
        26,
        8.5
      ]
    ],
    [
      [
        5,
        29
      ],
      [
        5,
        29
      ],
      [
        16.5,
        29
      ]
    ],
    [
      [
        5,
        25.083333333333332
      ],
      [
        16.5,
        25.083333333333332
      ]
    ],
    [
      [
        41.999999999999986,
        8.41
      ],
      [
        41.999999999999986,
        18.5
      ]
    ],
    [
      [
        74.75000000000001,
        39.416666666666664
      ],
      [
        53.791666666666664,
        39.416666666666664
      ]
    ],
    [
      [
        53.5,
        33
      ],
      [
        49,
        33
      ]
    ],
    [
      [
        53.5,
        20
      ],
      [
        49,
        20
      ]
    ],
    [
      [
        49,
        20
      ],
      [
        49,
        33
      ]
    ],
    [
      [
        9.5,
        34.5
      ],
      [
        9.5,
        29
      ]
    ]
  ],
  "rooms": [
    {
      "name": "Kitchen",
      "desired": 335.7,
      "x": 0.25,
      "y": 34.5,
      "w": 20.55,
      "h": 17,
      "color": "#7A4E8C",
      "open": false,
      "poly": [
        [
          0.25,
          51.5
        ],
        [
          0.25,
          34.5
        ],
        [
          20.8,
          34.5
        ],
        [
          20.8,
          51.5
        ]
      ]
    },
    {
      "name": "Dinette",
      "desired": 156,
      "x": 0.25,
      "y": 51.5,
      "w": 20.55,
      "h": 8.5,
      "color": "#2C5C8A",
      "open": false,
      "poly": [
        [
          20.8,
          51.5
        ],
        [
          20.8,
          60
        ],
        [
          0.25,
          60
        ],
        [
          0.25,
          51.5
        ]
      ]
    },
    {
      "name": "Full Bath",
      "desired": 33.7,
      "x": 11.583333333333327,
      "y": 12.5,
      "w": 6.416666666666673,
      "h": 7.083333333333332,
      "color": "#2F7D54",
      "open": false,
      "poly": [
        [
          18,
          12.5
        ],
        [
          18,
          19.583333333333332
        ],
        [
          16.5,
          19.583333333333332
        ],
        [
          16.5,
          19.5
        ],
        [
          11.583333333333327,
          19.5
        ],
        [
          11.583333333333327,
          12.5
        ]
      ]
    },
    {
      "name": "1/2 Bath",
      "desired": 44.2,
      "x": 21,
      "y": 8.5,
      "w": 5,
      "h": 10,
      "color": "#2F7D54",
      "open": false,
      "poly": [
        [
          26,
          18.5
        ],
        [
          21,
          18.5
        ],
        [
          21,
          8.5
        ],
        [
          26,
          8.5
        ]
      ]
    },
    {
      "name": "Mudroom",
      "desired": 56.2,
      "x": 5,
      "y": 19.583333333333332,
      "w": 11.5,
      "h": 5.5,
      "color": "#7A4E8C",
      "open": false,
      "poly": [
        [
          5,
          25.083333333333332
        ],
        [
          5,
          19.583333333333332
        ],
        [
          16.5,
          19.583333333333332
        ],
        [
          16.5,
          25.083333333333332
        ]
      ]
    },
    {
      "name": "Boiler",
      "desired": 34,
      "x": 21,
      "y": 0,
      "w": 5,
      "h": 8.5,
      "color": "#2C5C8A",
      "open": false,
      "poly": [
        [
          26,
          0
        ],
        [
          26,
          8.5
        ],
        [
          21,
          8.5
        ],
        [
          21,
          0
        ]
      ]
    },
    {
      "name": "HK Bedroom",
      "desired": 97.3,
      "x": 11.583333333333327,
      "y": 0,
      "w": 9.416666666666673,
      "h": 12.5,
      "color": "#7A4E8C",
      "open": false,
      "poly": [
        [
          11.583333333333327,
          0
        ],
        [
          21,
          0
        ],
        [
          21,
          12.5
        ],
        [
          11.583333333333327,
          12.5
        ]
      ]
    },
    {
      "name": "Outdoor Kitchen & Dining",
      "desired": 650,
      "x": 21.5,
      "y": 40.5,
      "w": 31.5,
      "h": 17,
      "color": "#2F7D54",
      "open": false
    },
    {
      "name": "Pool Area",
      "desired": 2254,
      "x": 29,
      "y": 60.5,
      "w": 46,
      "h": 49.25,
      "color": "#2C5C8A",
      "open": true
    },
    {
      "name": "Setback 10ft",
      "desired": 1000,
      "x": -15,
      "y": 109.75,
      "w": 100,
      "h": 10,
      "color": "#7A4E8C",
      "open": true
    },
    {
      "name": "Setside 10ft",
      "desired": 1500,
      "x": 75,
      "y": -30.25,
      "w": 10,
      "h": 150,
      "color": "#2F7D54",