{
  "schema": "first-floor-plan",
  "version": 1,
  "exported": "2026-07-13T12:58:45.680Z",
  "plot": {
    "pw": 100,
    "pd": 150,
    "offF": 30.25,
    "offR": 10
  },
  "walls": {
    "ext": 7,
    "int": 4.75
  },
  "footprint": [
    [
      0,
      60
    ],
    [
      20.8,
      60
    ],
    [
      20.8,
      38
    ],
    [
      41.8,
      38
    ],
    [
      41.8,
      39.41
    ],
    [
      53.5,
      39.41
    ],
    [
      53.5,
      57.5
    ],
    [
      75,
      57.5
    ],
    [
      75,
      39.41
    ],
    [
      75,
      6.41
    ],
    [
      61.7,
      6.41
    ],
    [
      61.7,
      7.41
    ],
    [
      53.4,
      7.41
    ],
    [
      53.4,
      8.41
    ],
    [
      41.8,
      8.41
    ],
    [
      41.8,
      0
    ],
    [
      0,
      0
    ]
  ],
  "iwalls": [
    [
      [
        20.750000000000004,
        22
      ],
      [
        20.750000000000004,
        38
      ]
    ],
    [
      [
        41.83333333333333,
        22
      ],
      [
        41.83333333333333,
        30
      ],
      [
        41.83333333333333,
        38
      ]
    ],
    [
      [
        53.5,
        8.5
      ],
      [
        53.5,
        39.41
      ]
    ],
    [
      [
        26,
        0
      ],
      [
        26,
        18.5
      ]
    ],
    [
      [
        12.5,
        0
      ],
      [
        12.5,
        19.5
      ]
    ],
    [
      [
        18,
        12.5
      ],
      [
        18,
        19.5
      ]
    ],
    [
      [
        21,
        0
      ],
      [
        21,
        18.5
      ]
    ],
    [
      [
        66,
        25.5
      ],
      [
        66,
        39.41
      ]
    ],
    [
      [
        16.5,
        19.5
      ],
      [
        16.5,
        34.5
      ]
    ],
    [
      [
        5,
        19.5
      ],
      [
        5,
        28
      ]
    ],
    [
      [
        9,
        25
      ],
      [
        9,
        28
      ]
    ],
    [
      [
        0,
        34.5
      ],
      [
        20.66666666666667,
        34.5
      ]
    ],
    [
      [
        0,
        51.5
      ],
      [
        20.8,
        51.5
      ]
    ],
    [
      [
        20.750000000000004,
        22
      ],
      [
        41.83333333333333,
        22
      ]
    ],
    [
      [
        53.5,
        25.5
      ],
      [
        75,
        25.5
      ]
    ],
    [
      [
        21,
        18.5
      ],
      [
        53.5,
        18.5
      ]
    ],
    [
      [
        12.5,
        12.5
      ],
      [
        21,
        12.5
      ]
    ],
    [
      [
        0,
        19.5
      ],
      [
        18,
        19.5
      ]
    ],
    [
      [
        21,
        8.5
      ],
      [
        26,
        8.5
      ]
    ],
    [
      [
        0,
        28
      ],
      [
        16.5,
        28
      ]
    ],
    [
      [
        5,
        25
      ],
      [
        16.5,
        25
      ]
    ],
    [
      [
        41.8,
        8.41
      ],
      [
        41.8,
        18.5
      ]
    ],
    [
      [
        75,
        39.41
      ],
      [
        53.5,
        39.41
      ]
    ]
  ],
  "rooms": [
    {
      "name": "Kitchen",
      "desired": 400,
      "x": 0,
      "y": 34.5,
      "w": 20.8,
      "h": 17,
      "color": "#2C5C8A",
      "open": false,
      "poly": [
        [
          0,
          51.5
        ],
        [
          0,
          34.5
        ],
        [
          20.8,
          34.5
        ],
        [
          20.8,
          51.5
        ]
      ]
    },
    {
      "name": "Dining",
      "desired": 300,
      "x": 20.750000000000004,
      "y": 22,
      "w": 21.083333333333325,
      "h": 16,
      "color": "#7A4E8C",
      "open": false,
      "poly": [
        [
          41.83333333333333,
          22
        ],
        [
          41.83333333333333,
          38
        ],
        [
          20.750000000000004,
          38
        ],
        [
          20.750000000000004,
          22
        ]
      ]
    },
    {
      "name": "Living",
      "desired": 320,
      "x": 53.5,
      "y": 6.5,
      "w": 21.5,
      "h": 19.09,
      "color": "#2F7D54",
      "open": false,
      "poly": [
        [
          61.7,
          7.5
        ],
        [
          61.7,
          6.5
        ],
        [
          75,
          6.5
        ],
        [
          75,
          25.59
        ],
        [
          53.5,
          25.59
        ],
        [
          53.5,
          7.5
        ]
      ]
    },
    {
      "name": "Dinette",
      "desired": 156,
      "x": 0,
      "y": 51.5,
      "w": 20.8,
      "h": 8.5,
      "color": "#B2792A",
      "open": false,
      "poly": [
        [
          0,
          60
        ],
        [
          0,
          51.5
        ],
        [
          20.8,
          51.5
        ],
        [
          20.8,
          60
        ]
      ]
    },
    {
      "name": "Den",
      "desired": 225,
      "x": 26,
      "y": 0,
      "w": 15.799999999999997,
      "h": 18.5,
      "color": "#A23A5B",
      "open": false,
      "poly": [
        [
          41.8,
          18.5
        ],
        [
          26,
          18.5
        ],
        [
          26,
          0
        ],
        [
          41.8,
          0
        ]
      ]
    },
    {
      "name": "Full Bath",
      "desired": 48,
      "x": 12.5,
      "y": 12.5,
      "w": 5.5,
      "h": 7,
      "color": "#3A7E8C",
      "open": false,
      "poly": [
        [
          12.5,
          12.5
        ],
        [
          18,
          12.5
        ],
        [
          18,
          19.5
        ],
        [
          12.5,
          19.5
        ]
      ]
    },
    {
      "name": "1/2 Bath",
      "desired": 27,
      "x": 21,
      "y": 8.5,
      "w": 5,
      "h": 10,
      "color": "#8A5A2C",
      "open": false,
      "poly": [
        [
          26,
          18.5
        ],
        [
          21,
          18.5
        ],
        [
          21,
          8.5
        ],
        [
          26,
          8.5
        ]
      ]
    },
    {
      "name": "Library",
      "desired": 156,
      "x": 66,
      "y": 25.5,
      "w": 9,
      "h": 13.909999999999997,
      "color": "#4A5A8A",
      "open": false,
      "poly": [
        [
          75,
          39.41
        ],
        [
          66,
          39.41
        ],
        [
          66,
          25.5
        ],
        [
          75,
          25.5
        ]
      ]
    },
    {
      "name": "Entrance",
      "desired": 288,
      "x": 41.8,
      "y": 8.41,
      "w": 11.700000000000003,
      "h": 10.09,
      "color": "#2C5C8A",
      "open": false,
      "poly": [
        [
          41.8,
          18.5
        ],
        [
          41.8,
          8.41
        ],
        [
          53.5,
          8.41
        ],
        [
          53.5,
          18.5
        ]
      ]
    },
    {
      "name": "Shed",
      "desired": 240,
      "x": 0,
      "y": 0,
      "w": 12.5,
      "h": 19.5,
      "color": "#7A4E8C",
      "open": false,
      "poly": [
        [
          12.5,
          0
        ],
        [
          12.5,
          19.5
        ],
        [
          0,
          19.5
        ],
        [
          0,
          0
        ]
      ]
    },
    {
      "name": "Butler Kitchen",
      "desired": 112,
      "x": 0,
      "y": 28,
      "w": 16.5,
      "h": 6.5,
      "color": "#8A5A2C",
      "open": false,
      "poly": [
        [
          0,
          34.5
        ],
        [
          0,
          28
        ],
        [
          16.5,
          28
        ],
        [
          16.5,
          34.5
        ]
      ]
    },
    {
      "name": "Mudroom",
      "desired": 71.5,
      "x": 5,
      "y": 19.5,
      "w": 11.5,
      "h": 5.5,
      "color": "#B2792A",
      "open": false,